DATAFLOW,LAST UPDATE,freq,currency,geo,TIME_PERIOD,OBS_VALUE,OBS_FLAG,CONF_STATUS
ESTAT:TPS00155(1.0),30/01/26 11:00:00,"Half-yearly, semesterly",Euro,Albania,2020-S2,209,,
ESTAT:TPS00155(1.0),30/01/26 11:00:00,"Half-yearly, semesterly",Euro,Albania,2021-S1,243,,
ESTAT:TPS00155(1.0),30/01/26 11:00:00,"Half-yearly, semesterly",Euro,Albania,2021-S2,245,,
ESTAT:TPS00155(1.0),30/01/26 11:00:00,"Half-yearly, semesterly",Euro,Albania,2022-S1,248,,
ESTAT:TPS00155(1.0),30/01/26 11:00:00,"Half-yearly, semesterly",Euro,Albania,2022-S2,269,,
ESTAT:TPS00155(1.0),30/01/26 11:00:00,"Half-yearly, semesterly",Euro,Albania,2023-S1,298,,
ESTAT:TPS00155(1.0),30/01/26 11:00:00,"Half-yearly, semesterly",Euro,Albania,2023-S2,376,,
ESTAT:TPS00155(1.0),30/01/26 11:00:00,"Half-yearly, semesterly",Euro,Albania,2024-S1,385,,
ESTAT:TPS00155(1.0),30/01/26 11:00:00,"Half-yearly, semesterly",Euro,Albania,2024-S2,399,,
ESTAT:TPS00155(1.0),30/01/26 11:00:00,"Half-yearly, semesterly",Euro,Albania,2025-S1,408,,
ESTAT:TPS00155(1.0),30/01/26 11:00:00,"Half-yearly, semesterly",Euro,Albania,2025-S2,408,,
ESTAT:TPS00155(1.0),30/01/26 11:00:00,"Half-yearly, semesterly",Euro,Albania,2026-S1,517,,
ESTAT:TPS00155(1.0),30/01/26 11:00:00,"Half-yearly, semesterly",Euro,Austria,2020-S2,,m,
ESTAT:TPS00155(1.0),30/01/26 11:00:00,"Half-yearly, semesterly",Euro,Austria,2021-S1,,m,
ESTAT:TPS00155(1.0),30/01/26 11:00:00,"Half-yearly, semesterly",Euro,Austria,2021-S2,,m,
ESTAT:TPS00155(1.0),30/01/26 11:00:00,"Half-yearly, semesterly",Euro,Austria,2022-S1,,m,
ESTAT:TPS00155(1.0),30/01/26 11:00:00,"Half-yearly, semesterly",Euro,Austria,2022-S2,,m,
ESTAT:TPS00155(1.0),30/01/26 11:00:00,"Half-yearly, semesterly",Euro,Austria,2023-S1,,m,
ESTAT:TPS00155(1.0),30/01/26 11:00:00,"Half-yearly, semesterly",Euro,Austria,2023-S2,,m,
ESTAT:TPS00155(1.0),30/01/26 11:00:00,"Half-yearly, semesterly",Euro,Austria,2024-S1,,m,
ESTAT:TPS00155(1.0),30/01/26 11:00:00,"Half-yearly, semesterly",Euro,Austria,2024-S2,,m,
ESTAT:TPS00155(1.0),30/01/26 11:00:00,"Half-yearly, semesterly",Euro,Austria,2025-S1,,m,
ESTAT:TPS00155(1.0),30/01/26 11:00:00,"Half-yearly, semesterly",Euro,Austria,2025-S2,,m,
ESTAT:TPS00155(1.0),30/01/26 11:00:00,"Half-yearly, semesterly",Euro,Austria,2026-S1,,m,
ESTAT:TPS00155(1.0),30/01/26 11:00:00,"Half-yearly, semesterly",Euro,Belgium,2020-S2,1626,,
ESTAT:TPS00155(1.0),30/01/26 11:00:00,"Half-yearly, semesterly",Euro,Belgium,2021-S1,1626,,
ESTAT:TPS00155(1.0),30/01/26 11:00:00,"Half-yearly, semesterly",Euro,Belgium,2021-S2,1626,,
ESTAT:TPS00155(1.0),30/01/26 11:00:00,"Half-yearly, semesterly",Euro,Belgium,2022-S1,1658,,
ESTAT:TPS00155(1.0),30/01/26 11:00:00,"Half-yearly, semesterly",Euro,Belgium,2022-S2,1842,,
ESTAT:TPS00155(1.0),30/01/26 11:00:00,"Half-yearly, semesterly",Euro,Belgium,2023-S1,1955,,
ESTAT:TPS00155(1.0),30/01/26 11:00:00,"Half-yearly, semesterly",Euro,Belgium,2023-S2,1955,,
ESTAT:TPS00155(1.0),30/01/26 11:00:00,"Half-yearly, semesterly",Euro,Belgium,2024-S1,1994,,
ESTAT:TPS00155(1.0),30/01/26 11:00:00,"Half-yearly, semesterly",Euro,Belgium,2024-S2,2070,,
ESTAT:TPS00155(1.0),30/01/26 11:00:00,"Half-yearly, semesterly",Euro,Belgium,2025-S1,2070,,
ESTAT:TPS00155(1.0),30/01/26 11:00:00,"Half-yearly, semesterly",Euro,Belgium,2025-S2,2112,,
ESTAT:TPS00155(1.0),30/01/26 11:00:00,"Half-yearly, semesterly",Euro,Belgium,2026-S1,2112,,
ESTAT:TPS00155(1.0),30/01/26 11:00:00,"Half-yearly, semesterly",Euro,Bulgaria,2020-S2,312,,
ESTAT:TPS00155(1.0),30/01/26 11:00:00,"Half-yearly, semesterly",Euro,Bulgaria,2021-S1,332,,
ESTAT:TPS00155(1.0),30/01/26 11:00:00,"Half-yearly, semesterly",Euro,Bulgaria,2021-S2,332,,
ESTAT:TPS00155(1.0),30/01/26 11:00:00,"Half-yearly, semesterly",Euro,Bulgaria,2022-S1,332,,
ESTAT:TPS00155(1.0),30/01/26 11:00:00,"Half-yearly, semesterly",Euro,Bulgaria,2022-S2,363,,
ESTAT:TPS00155(1.0),30/01/26 11:00:00,"Half-yearly, semesterly",Euro,Bulgaria,2023-S1,399,,
ESTAT:TPS00155(1.0),30/01/26 11:00:00,"Half-yearly, semesterly",Euro,Bulgaria,2023-S2,399,,
ESTAT:TPS00155(1.0),30/01/26 11:00:00,"Half-yearly, semesterly",Euro,Bulgaria,2024-S1,477,,
ESTAT:TPS00155(1.0),30/01/26 11:00:00,"Half-yearly, semesterly",Euro,Bulgaria,2024-S2,477,,
ESTAT:TPS00155(1.0),30/01/26 11:00:00,"Half-yearly, semesterly",Euro,Bulgaria,2025-S1,551,,
ESTAT:TPS00155(1.0),30/01/26 11:00:00,"Half-yearly, semesterly",Euro,Bulgaria,2025-S2,551,,
ESTAT:TPS00155(1.0),30/01/26 11:00:00,"Half-yearly, semesterly",Euro,Bulgaria,2026-S1,620,,
ESTAT:TPS00155(1.0),30/01/26 11:00:00,"Half-yearly, semesterly",Euro,Switzerland,2020-S2,,m,
ESTAT:TPS00155(1.0),30/01/26 11:00:00,"Half-yearly, semesterly",Euro,Switzerland,2021-S1,,m,
ESTAT:TPS00155(1.0),30/01/26 11:00:00,"Half-yearly, semesterly",Euro,Switzerland,2021-S2,,m,
ESTAT:TPS00155(1.0),30/01/26 11:00:00,"Half-yearly, semesterly",Euro,Switzerland,2022-S1,,m,
ESTAT:TPS00155(1.0),30/01/26 11:00:00,"Half-yearly, semesterly",Euro,Switzerland,2022-S2,,m,
ESTAT:TPS00155(1.0),30/01/26 11:00:00,"Half-yearly, semesterly",Euro,Switzerland,2023-S1,,m,
ESTAT:TPS00155(1.0),30/01/26 11:00:00,"Half-yearly, semesterly",Euro,Switzerland,2023-S2,,m,
ESTAT:TPS00155(1.0),30/01/26 11:00:00,"Half-yearly, semesterly",Euro,Switzerland,2024-S1,,m,
ESTAT:TPS00155(1.0),30/01/26 11:00:00,"Half-yearly, semesterly",Euro,Switzerland,2024-S2,,m,
ESTAT:TPS00155(1.0),30/01/26 11:00:00,"Half-yearly, semesterly",Euro,Switzerland,2025-S1,,m,
ESTAT:TPS00155(1.0),30/01/26 11:00:00,"Half-yearly, semesterly",Euro,Switzerland,2025-S2,,m,
ESTAT:TPS00155(1.0),30/01/26 11:00:00,"Half-yearly, semesterly",Euro,Switzerland,2026-S1,,m,
ESTAT:TPS00155(1.0),30/01/26 11:00:00,"Half-yearly, semesterly",Euro,Cyprus,2020-S2,,m,
ESTAT:TPS00155(1.0),30/01/26 11:00:00,"Half-yearly, semesterly",Euro,Cyprus,2021-S1,,m,
ESTAT:TPS00155(1.0),30/01/26 11:00:00,"Half-yearly, semesterly",Euro,Cyprus,2021-S2,,m,
ESTAT:TPS00155(1.0),30/01/26 11:00:00,"Half-yearly, semesterly",Euro,Cyprus,2022-S1,,m,
ESTAT:TPS00155(1.0),30/01/26 11:00:00,"Half-yearly, semesterly",Euro,Cyprus,2022-S2,,m,
ESTAT:TPS00155(1.0),30/01/26 11:00:00,"Half-yearly, semesterly",Euro,Cyprus,2023-S1,940,,
ESTAT:TPS00155(1.0),30/01/26 11:00:00,"Half-yearly, semesterly",Euro,Cyprus,2023-S2,940,,
ESTAT:TPS00155(1.0),30/01/26 11:00:00,"Half-yearly, semesterly",Euro,Cyprus,2024-S1,1000,,
ESTAT:TPS00155(1.0),30/01/26 11:00:00,"Half-yearly, semesterly",Euro,Cyprus,2024-S2,1000,,
ESTAT:TPS00155(1.0),30/01/26 11:00:00,"Half-yearly, semesterly",Euro,Cyprus,2025-S1,1000,,
ESTAT:TPS00155(1.0),30/01/26 11:00:00,"Half-yearly, semesterly",Euro,Cyprus,2025-S2,1000,,
ESTAT:TPS00155(1.0),30/01/26 11:00:00,"Half-yearly, semesterly",Euro,Cyprus,2026-S1,1088,,
ESTAT:TPS00155(1.0),30/01/26 11:00:00,"Half-yearly, semesterly",Euro,Czechia,2020-S2,546,,
ESTAT:TPS00155(1.0),30/01/26 11:00:00,"Half-yearly, semesterly",Euro,Czechia,2021-S1,579,,
ESTAT:TPS00155(1.0),30/01/26 11:00:00,"Half-yearly, semesterly",Euro,Czechia,2021-S2,596,,
ESTAT:TPS00155(1.0),30/01/26 11:00:00,"Half-yearly, semesterly",Euro,Czechia,2022-S1,652,,
ESTAT:TPS00155(1.0),30/01/26 11:00:00,"Half-yearly, semesterly",Euro,Czechia,2022-S2,655,,
ESTAT:TPS00155(1.0),30/01/26 11:00:00,"Half-yearly, semesterly",Euro,Czechia,2023-S1,717,,
ESTAT:TPS00155(1.0),30/01/26 11:00:00,"Half-yearly, semesterly",Euro,Czechia,2023-S2,729,,
ESTAT:TPS00155(1.0),30/01/26 11:00:00,"Half-yearly, semesterly",Euro,Czechia,2024-S1,764,,
ESTAT:TPS00155(1.0),30/01/26 11:00:00,"Half-yearly, semesterly",Euro,Czechia,2024-S2,755,,
ESTAT:TPS00155(1.0),30/01/26 11:00:00,"Half-yearly, semesterly",Euro,Czechia,2025-S1,826,,
ESTAT:TPS00155(1.0),30/01/26 11:00:00,"Half-yearly, semesterly",Euro,Czechia,2025-S2,841,,
ESTAT:TPS00155(1.0),30/01/26 11:00:00,"Half-yearly, semesterly",Euro,Czechia,2026-S1,924,,
ESTAT:TPS00155(1.0),30/01/26 11:00:00,"Half-yearly, semesterly",Euro,Germany,2020-S2,1544,,
ESTAT:TPS00155(1.0),30/01/26 11:00:00,"Half-yearly, semesterly",Euro,Germany,2021-S1,1585,,
ESTAT:TPS00155(1.0),30/01/26 11:00:00,"Half-yearly, semesterly",Euro,Germany,2021-S2,1602,,
ESTAT:TPS00155(1.0),30/01/26 11:00:00,"Half-yearly, semesterly",Euro,Germany,2022-S1,1634,,
ESTAT:TPS00155(1.0),30/01/26 11:00:00,"Half-yearly, semesterly",Euro,Germany,2022-S2,1739,,
ESTAT:TPS00155(1.0),30/01/26 11:00:00,"Half-yearly, semesterly",Euro,Germany,2023-S1,1997,,
ESTAT:TPS00155(1.0),30/01/26 11:00:00,"Half-yearly, semesterly",Euro,Germany,2023-S2,1997,,
ESTAT:TPS00155(1.0),30/01/26 11:00:00,"Half-yearly, semesterly",Euro,Germany,2024-S1,2054,,
ESTAT:TPS00155(1.0),30/01/26 11:00:00,"Half-yearly, semesterly",Euro,Germany,2024-S2,2054,,
ESTAT:TPS00155(1.0),30/01/26 11:00:00,"Half-yearly, semesterly",Euro,Germany,2025-S1,2161,,
ESTAT:TPS00155(1.0),30/01/26 11:00:00,"Half-yearly, semesterly",Euro,Germany,2025-S2,2161,,
ESTAT:TPS00155(1.0),30/01/26 11:00:00,"Half-yearly, semesterly",Euro,Germany,2026-S1,2343,,
ESTAT:TPS00155(1.0),30/01/26 11:00:00,"Half-yearly, semesterly",Euro,Denmark,2020-S2,,m,
ESTAT:TPS00155(1.0),30/01/26 11:00:00,"Half-yearly, semesterly",Euro,Denmark,2021-S1,,m,
ESTAT:TPS00155(1.0),30/01/26 11:00:00,"Half-yearly, semesterly",Euro,Denmark,2021-S2,,m,
ESTAT:TPS00155(1.0),30/01/26 11:00:00,"Half-yearly, semesterly",Euro,Denmark,2022-S1,,m,
ESTAT:TPS00155(1.0),30/01/26 11:00:00,"Half-yearly, semesterly",Euro,Denmark,2022-S2,,m,
ESTAT:TPS00155(1.0),30/01/26 11:00:00,"Half-yearly, semesterly",Euro,Denmark,2023-S1,,m,
ESTAT:TPS00155(1.0),30/01/26 11:00:00,"Half-yearly, semesterly",Euro,Denmark,2023-S2,,m,
ESTAT:TPS00155(1.0),30/01/26 11:00:00,"Half-yearly, semesterly",Euro,Denmark,2024-S1,,m,
ESTAT:TPS00155(1.0),30/01/26 11:00:00,"Half-yearly, semesterly",Euro,Denmark,2024-S2,,m,
ESTAT:TPS00155(1.0),30/01/26 11:00:00,"Half-yearly, semesterly",Euro,Denmark,2025-S1,,m,
ESTAT:TPS00155(1.0),30/01/26 11:00:00,"Half-yearly, semesterly",Euro,Denmark,2025-S2,,m,
ESTAT:TPS00155(1.0),30/01/26 11:00:00,"Half-yearly, semesterly",Euro,Denmark,2026-S1,,m,
ESTAT:TPS00155(1.0),30/01/26 11:00:00,"Half-yearly, semesterly",Euro,Estonia,2020-S2,584,,
ESTAT:TPS00155(1.0),30/01/26 11:00:00,"Half-yearly, semesterly",Euro,Estonia,2021-S1,584,,
ESTAT:TPS00155(1.0),30/01/26 11:00:00,"Half-yearly, semesterly",Euro,Estonia,2021-S2,584,,
ESTAT:TPS00155(1.0),30/01/26 11:00:00,"Half-yearly, semesterly",Euro,Estonia,2022-S1,654,,
ESTAT:TPS00155(1.0),30/01/26 11:00:00,"Half-yearly, semesterly",Euro,Estonia,2022-S2,654,,
ESTAT:TPS00155(1.0),30/01/26 11:00:00,"Half-yearly, semesterly",Euro,Estonia,2023-S1,725,,
ESTAT:TPS00155(1.0),30/01/26 11:00:00,"Half-yearly, semesterly",Euro,Estonia,2023-S2,725,,
ESTAT:TPS00155(1.0),30/01/26 11:00:00,"Half-yearly, semesterly",Euro,Estonia,2024-S1,820,,
ESTAT:TPS00155(1.0),30/01/26 11:00:00,"Half-yearly, semesterly",Euro,Estonia,2024-S2,820,,
ESTAT:TPS00155(1.0),30/01/26 11:00:00,"Half-yearly, semesterly",Euro,Estonia,2025-S1,886,,
ESTAT:TPS00155(1.0),30/01/26 11:00:00,"Half-yearly, semesterly",Euro,Estonia,2025-S2,886,,
ESTAT:TPS00155(1.0),30/01/26 11:00:00,"Half-yearly, semesterly",Euro,Estonia,2026-S1,886,,
ESTAT:TPS00155(1.0),30/01/26 11:00:00,"Half-yearly, semesterly",Euro,Greece,2020-S2,758,,
ESTAT:TPS00155(1.0),30/01/26 11:00:00,"Half-yearly, semesterly",Euro,Greece,2021-S1,758,,
ESTAT:TPS00155(1.0),30/01/26 11:00:00,"Half-yearly, semesterly",Euro,Greece,2021-S2,758,,
ESTAT:TPS00155(1.0),30/01/26 11:00:00,"Half-yearly, semesterly",Euro,Greece,2022-S1,774,,
ESTAT:TPS00155(1.0),30/01/26 11:00:00,"Half-yearly, semesterly",Euro,Greece,2022-S2,832,,
ESTAT:TPS00155(1.0),30/01/26 11:00:00,"Half-yearly, semesterly",Euro,Greece,2023-S1,832,,
ESTAT:TPS00155(1.0),30/01/26 11:00:00,"Half-yearly, semesterly",Euro,Greece,2023-S2,910,,
ESTAT:TPS00155(1.0),30/01/26 11:00:00,"Half-yearly, semesterly",Euro,Greece,2024-S1,910,,
ESTAT:TPS00155(1.0),30/01/26 11:00:00,"Half-yearly, semesterly",Euro,Greece,2024-S2,968,,
ESTAT:TPS00155(1.0),30/01/26 11:00:00,"Half-yearly, semesterly",Euro,Greece,2025-S1,968,,
ESTAT:TPS00155(1.0),30/01/26 11:00:00,"Half-yearly, semesterly",Euro,Greece,2025-S2,1027,,
ESTAT:TPS00155(1.0),30/01/26 11:00:00,"Half-yearly, semesterly",Euro,Greece,2026-S1,1027,,
ESTAT:TPS00155(1.0),30/01/26 11:00:00,"Half-yearly, semesterly",Euro,Spain,2020-S2,1108,,
ESTAT:TPS00155(1.0),30/01/26 11:00:00,"Half-yearly, semesterly",Euro,Spain,2021-S1,1108,,
ESTAT:TPS00155(1.0),30/01/26 11:00:00,"Half-yearly, semesterly",Euro,Spain,2021-S2,1108,,
ESTAT:TPS00155(1.0),30/01/26 11:00:00,"Half-yearly, semesterly",Euro,Spain,2022-S1,1126,,
ESTAT:TPS00155(1.0),30/01/26 11:00:00,"Half-yearly, semesterly",Euro,Spain,2022-S2,1167,,
ESTAT:TPS00155(1.0),30/01/26 11:00:00,"Half-yearly, semesterly",Euro,Spain,2023-S1,1167,,
ESTAT:TPS00155(1.0),30/01/26 11:00:00,"Half-yearly, semesterly",Euro,Spain,2023-S2,1260,,
ESTAT:TPS00155(1.0),30/01/26 11:00:00,"Half-yearly, semesterly",Euro,Spain,2024-S1,1323,,
ESTAT:TPS00155(1.0),30/01/26 11:00:00,"Half-yearly, semesterly",Euro,Spain,2024-S2,1323,,
ESTAT:TPS00155(1.0),30/01/26 11:00:00,"Half-yearly, semesterly",Euro,Spain,2025-S1,1381,,
ESTAT:TPS00155(1.0),30/01/26 11:00:00,"Half-yearly, semesterly",Euro,Spain,2025-S2,1381,,
ESTAT:TPS00155(1.0),30/01/26 11:00:00,"Half-yearly, semesterly",Euro,Spain,2026-S1,1381,,
ESTAT:TPS00155(1.0),30/01/26 11:00:00,"Half-yearly, semesterly",Euro,Finland,2020-S2,,m,
ESTAT:TPS00155(1.0),30/01/26 11:00:00,"Half-yearly, semesterly",Euro,Finland,2021-S1,,m,
ESTAT:TPS00155(1.0),30/01/26 11:00:00,"Half-yearly, semesterly",Euro,Finland,2021-S2,,m,
ESTAT:TPS00155(1.0),30/01/26 11:00:00,"Half-yearly, semesterly",Euro,Finland,2022-S1,,m,
ESTAT:TPS00155(1.0),30/01/26 11:00:00,"Half-yearly, semesterly",Euro,Finland,2022-S2,,m,
ESTAT:TPS00155(1.0),30/01/26 11:00:00,"Half-yearly, semesterly",Euro,Finland,2023-S1,,m,
ESTAT:TPS00155(1.0),30/01/26 11:00:00,"Half-yearly, semesterly",Euro,Finland,2023-S2,,m,
ESTAT:TPS00155(1.0),30/01/26 11:00:00,"Half-yearly, semesterly",Euro,Finland,2024-S1,,m,
ESTAT:TPS00155(1.0),30/01/26 11:00:00,"Half-yearly, semesterly",Euro,Finland,2024-S2,,m,
ESTAT:TPS00155(1.0),30/01/26 11:00:00,"Half-yearly, semesterly",Euro,Finland,2025-S1,,m,
ESTAT:TPS00155(1.0),30/01/26 11:00:00,"Half-yearly, semesterly",Euro,Finland,2025-S2,,m,
ESTAT:TPS00155(1.0),30/01/26 11:00:00,"Half-yearly, semesterly",Euro,Finland,2026-S1,,m,
ESTAT:TPS00155(1.0),30/01/26 11:00:00,"Half-yearly, semesterly",Euro,France,2020-S2,1539,,
ESTAT:TPS00155(1.0),30/01/26 11:00:00,"Half-yearly, semesterly",Euro,France,2021-S1,1555,,
ESTAT:TPS00155(1.0),30/01/26 11:00:00,"Half-yearly, semesterly",Euro,France,2021-S2,1555,,
ESTAT:TPS00155(1.0),30/01/26 11:00:00,"Half-yearly, semesterly",Euro,France,2022-S1,1603,,
ESTAT:TPS00155(1.0),30/01/26 11:00:00,"Half-yearly, semesterly",Euro,France,2022-S2,1646,,
ESTAT:TPS00155(1.0),30/01/26 11:00:00,"Half-yearly, semesterly",Euro,France,2023-S1,1709,,
ESTAT:TPS00155(1.0),30/01/26 11:00:00,"Half-yearly, semesterly",Euro,France,2023-S2,1747,,
ESTAT:TPS00155(1.0),30/01/26 11:00:00,"Half-yearly, semesterly",Euro,France,2024-S1,1767,,
ESTAT:TPS00155(1.0),30/01/26 11:00:00,"Half-yearly, semesterly",Euro,France,2024-S2,1767,,
ESTAT:TPS00155(1.0),30/01/26 11:00:00,"Half-yearly, semesterly",Euro,France,2025-S1,1802,,
ESTAT:TPS00155(1.0),30/01/26 11:00:00,"Half-yearly, semesterly",Euro,France,2025-S2,1802,,
ESTAT:TPS00155(1.0),30/01/26 11:00:00,"Half-yearly, semesterly",Euro,France,2026-S1,1823,,
ESTAT:TPS00155(1.0),30/01/26 11:00:00,"Half-yearly, semesterly",Euro,Croatia,2020-S2,546,,
ESTAT:TPS00155(1.0),30/01/26 11:00:00,"Half-yearly, semesterly",Euro,Croatia,2021-S1,563,,
ESTAT:TPS00155(1.0),30/01/26 11:00:00,"Half-yearly, semesterly",Euro,Croatia,2021-S2,567,,
ESTAT:TPS00155(1.0),30/01/26 11:00:00,"Half-yearly, semesterly",Euro,Croatia,2022-S1,624,,
ESTAT:TPS00155(1.0),30/01/26 11:00:00,"Half-yearly, semesterly",Euro,Croatia,2022-S2,622,,
ESTAT:TPS00155(1.0),30/01/26 11:00:00,"Half-yearly, semesterly",Euro,Croatia,2023-S1,700,,
ESTAT:TPS00155(1.0),30/01/26 11:00:00,"Half-yearly, semesterly",Euro,Croatia,2023-S2,700,,
ESTAT:TPS00155(1.0),30/01/26 11:00:00,"Half-yearly, semesterly",Euro,Croatia,2024-S1,840,,
ESTAT:TPS00155(1.0),30/01/26 11:00:00,"Half-yearly, semesterly",Euro,Croatia,2024-S2,840,,
ESTAT:TPS00155(1.0),30/01/26 11:00:00,"Half-yearly, semesterly",Euro,Croatia,2025-S1,970,,
ESTAT:TPS00155(1.0),30/01/26 11:00:00,"Half-yearly, semesterly",Euro,Croatia,2025-S2,970,,
ESTAT:TPS00155(1.0),30/01/26 11:00:00,"Half-yearly, semesterly",Euro,Croatia,2026-S1,1050,,
ESTAT:TPS00155(1.0),30/01/26 11:00:00,"Half-yearly, semesterly",Euro,Hungary,2020-S2,452,,
ESTAT:TPS00155(1.0),30/01/26 11:00:00,"Half-yearly, semesterly",Euro,Hungary,2021-S1,442,,
ESTAT:TPS00155(1.0),30/01/26 11:00:00,"Half-yearly, semesterly",Euro,Hungary,2021-S2,476,,
ESTAT:TPS00155(1.0),30/01/26 11:00:00,"Half-yearly, semesterly",Euro,Hungary,2022-S1,542,,
ESTAT:TPS00155(1.0),30/01/26 11:00:00,"Half-yearly, semesterly",Euro,Hungary,2022-S2,504,,
ESTAT:TPS00155(1.0),30/01/26 11:00:00,"Half-yearly, semesterly",Euro,Hungary,2023-S1,579,,
ESTAT:TPS00155(1.0),30/01/26 11:00:00,"Half-yearly, semesterly",Euro,Hungary,2023-S2,624,,
ESTAT:TPS00155(1.0),30/01/26 11:00:00,"Half-yearly, semesterly",Euro,Hungary,2024-S1,697,,
ESTAT:TPS00155(1.0),30/01/26 11:00:00,"Half-yearly, semesterly",Euro,Hungary,2024-S2,675,,
ESTAT:TPS00155(1.0),30/01/26 11:00:00,"Half-yearly, semesterly",Euro,Hungary,2025-S1,707,,
ESTAT:TPS00155(1.0),30/01/26 11:00:00,"Half-yearly, semesterly",Euro,Hungary,2025-S2,727,,
ESTAT:TPS00155(1.0),30/01/26 11:00:00,"Half-yearly, semesterly",Euro,Hungary,2026-S1,838,,
ESTAT:TPS00155(1.0),30/01/26 11:00:00,"Half-yearly, semesterly",Euro,Ireland,2020-S2,1707,,
ESTAT:TPS00155(1.0),30/01/26 11:00:00,"Half-yearly, semesterly",Euro,Ireland,2021-S1,1724,,
ESTAT:TPS00155(1.0),30/01/26 11:00:00,"Half-yearly, semesterly",Euro,Ireland,2021-S2,1724,,
ESTAT:TPS00155(1.0),30/01/26 11:00:00,"Half-yearly, semesterly",Euro,Ireland,2022-S1,1775,,
ESTAT:TPS00155(1.0),30/01/26 11:00:00,"Half-yearly, semesterly",Euro,Ireland,2022-S2,1775,,
ESTAT:TPS00155(1.0),30/01/26 11:00:00,"Half-yearly, semesterly",Euro,Ireland,2023-S1,1910,,
ESTAT:TPS00155(1.0),30/01/26 11:00:00,"Half-yearly, semesterly",Euro,Ireland,2023-S2,1910,,
ESTAT:TPS00155(1.0),30/01/26 11:00:00,"Half-yearly, semesterly",Euro,Ireland,2024-S1,2146,,
ESTAT:TPS00155(1.0),30/01/26 11:00:00,"Half-yearly, semesterly",Euro,Ireland,2024-S2,2146,,
ESTAT:TPS00155(1.0),30/01/26 11:00:00,"Half-yearly, semesterly",Euro,Ireland,2025-S1,2282,,
ESTAT:TPS00155(1.0),30/01/26 11:00:00,"Half-yearly, semesterly",Euro,Ireland,2025-S2,2282,,
ESTAT:TPS00155(1.0),30/01/26 11:00:00,"Half-yearly, semesterly",Euro,Ireland,2026-S1,2391,,
ESTAT:TPS00155(1.0),30/01/26 11:00:00,"Half-yearly, semesterly",Euro,Iceland,2020-S2,,m,
ESTAT:TPS00155(1.0),30/01/26 11:00:00,"Half-yearly, semesterly",Euro,Iceland,2021-S1,,m,
ESTAT:TPS00155(1.0),30/01/26 11:00:00,"Half-yearly, semesterly",Euro,Iceland,2021-S2,,m,
ESTAT:TPS00155(1.0),30/01/26 11:00:00,"Half-yearly, semesterly",Euro,Iceland,2022-S1,,m,
ESTAT:TPS00155(1.0),30/01/26 11:00:00,"Half-yearly, semesterly",Euro,Iceland,2022-S2,,m,
ESTAT:TPS00155(1.0),30/01/26 11:00:00,"Half-yearly, semesterly",Euro,Iceland,2023-S1,,m,
ESTAT:TPS00155(1.0),30/01/26 11:00:00,"Half-yearly, semesterly",Euro,Iceland,2023-S2,,m,
ESTAT:TPS00155(1.0),30/01/26 11:00:00,"Half-yearly, semesterly",Euro,Iceland,2024-S1,,m,
ESTAT:TPS00155(1.0),30/01/26 11:00:00,"Half-yearly, semesterly",Euro,Iceland,2024-S2,,m,
ESTAT:TPS00155(1.0),30/01/26 11:00:00,"Half-yearly, semesterly",Euro,Iceland,2025-S1,,m,
ESTAT:TPS00155(1.0),30/01/26 11:00:00,"Half-yearly, semesterly",Euro,Iceland,2025-S2,,m,
ESTAT:TPS00155(1.0),30/01/26 11:00:00,"Half-yearly, semesterly",Euro,Iceland,2026-S1,,m,
ESTAT:TPS00155(1.0),30/01/26 11:00:00,"Half-yearly, semesterly",Euro,Italy,2020-S2,,m,
ESTAT:TPS00155(1.0),30/01/26 11:00:00,"Half-yearly, semesterly",Euro,Italy,2021-S1,,m,
ESTAT:TPS00155(1.0),30/01/26 11:00:00,"Half-yearly, semesterly",Euro,Italy,2021-S2,,m,
ESTAT:TPS00155(1.0),30/01/26 11:00:00,"Half-yearly, semesterly",Euro,Italy,2022-S1,,m,
ESTAT:TPS00155(1.0),30/01/26 11:00:00,"Half-yearly, semesterly",Euro,Italy,2022-S2,,m,
ESTAT:TPS00155(1.0),30/01/26 11:00:00,"Half-yearly, semesterly",Euro,Italy,2023-S1,,m,
ESTAT:TPS00155(1.0),30/01/26 11:00:00,"Half-yearly, semesterly",Euro,Italy,2023-S2,,m,
ESTAT:TPS00155(1.0),30/01/26 11:00:00,"Half-yearly, semesterly",Euro,Italy,2024-S1,,m,
ESTAT:TPS00155(1.0),30/01/26 11:00:00,"Half-yearly, semesterly",Euro,Italy,2024-S2,,m,
ESTAT:TPS00155(1.0),30/01/26 11:00:00,"Half-yearly, semesterly",Euro,Italy,2025-S1,,m,
ESTAT:TPS00155(1.0),30/01/26 11:00:00,"Half-yearly, semesterly",Euro,Italy,2025-S2,,m,
ESTAT:TPS00155(1.0),30/01/26 11:00:00,"Half-yearly, semesterly",Euro,Italy,2026-S1,,m,
ESTAT:TPS00155(1.0),30/01/26 11:00:00,"Half-yearly, semesterly",Euro,Lithuania,2020-S2,607,,
ESTAT:TPS00155(1.0),30/01/26 11:00:00,"Half-yearly, semesterly",Euro,Lithuania,2021-S1,642,,
ESTAT:TPS00155(1.0),30/01/26 11:00:00,"Half-yearly, semesterly",Euro,Lithuania,2021-S2,642,,
ESTAT:TPS00155(1.0),30/01/26 11:00:00,"Half-yearly, semesterly",Euro,Lithuania,2022-S1,730,,
ESTAT:TPS00155(1.0),30/01/26 11:00:00,"Half-yearly, semesterly",Euro,Lithuania,2022-S2,730,,
ESTAT:TPS00155(1.0),30/01/26 11:00:00,"Half-yearly, semesterly",Euro,Lithuania,2023-S1,840,,
ESTAT:TPS00155(1.0),30/01/26 11:00:00,"Half-yearly, semesterly",Euro,Lithuania,2023-S2,840,,
ESTAT:TPS00155(1.0),30/01/26 11:00:00,"Half-yearly, semesterly",Euro,Lithuania,2024-S1,924,,
ESTAT:TPS00155(1.0),30/01/26 11:00:00,"Half-yearly, semesterly",Euro,Lithuania,2024-S2,924,,
ESTAT:TPS00155(1.0),30/01/26 11:00:00,"Half-yearly, semesterly",Euro,Lithuania,2025-S1,1038,,
ESTAT:TPS00155(1.0),30/01/26 11:00:00,"Half-yearly, semesterly",Euro,Lithuania,2025-S2,1038,,
ESTAT:TPS00155(1.0),30/01/26 11:00:00,"Half-yearly, semesterly",Euro,Lithuania,2026-S1,1153,,
ESTAT:TPS00155(1.0),30/01/26 11:00:00,"Half-yearly, semesterly",Euro,Luxembourg,2020-S2,2142,,
ESTAT:TPS00155(1.0),30/01/26 11:00:00,"Half-yearly, semesterly",Euro,Luxembourg,2021-S1,2202,,
ESTAT:TPS00155(1.0),30/01/26 11:00:00,"Half-yearly, semesterly",Euro,Luxembourg,2021-S2,2202,,
ESTAT:TPS00155(1.0),30/01/26 11:00:00,"Half-yearly, semesterly",Euro,Luxembourg,2022-S1,2257,,
ESTAT:TPS00155(1.0),30/01/26 11:00:00,"Half-yearly, semesterly",Euro,Luxembourg,2022-S2,2313,,
ESTAT:TPS00155(1.0),30/01/26 11:00:00,"Half-yearly, semesterly",Euro,Luxembourg,2023-S1,2387,,
ESTAT:TPS00155(1.0),30/01/26 11:00:00,"Half-yearly, semesterly",Euro,Luxembourg,2023-S2,2508,,
ESTAT:TPS00155(1.0),30/01/26 11:00:00,"Half-yearly, semesterly",Euro,Luxembourg,2024-S1,2571,,
ESTAT:TPS00155(1.0),30/01/26 11:00:00,"Half-yearly, semesterly",Euro,Luxembourg,2024-S2,2571,,
ESTAT:TPS00155(1.0),30/01/26 11:00:00,"Half-yearly, semesterly",Euro,Luxembourg,2025-S1,2638,,
ESTAT:TPS00155(1.0),30/01/26 11:00:00,"Half-yearly, semesterly",Euro,Luxembourg,2025-S2,2704,,
ESTAT:TPS00155(1.0),30/01/26 11:00:00,"Half-yearly, semesterly",Euro,Luxembourg,2026-S1,2704,,
ESTAT:TPS00155(1.0),30/01/26 11:00:00,"Half-yearly, semesterly",Euro,Latvia,2020-S2,430,,
ESTAT:TPS00155(1.0),30/01/26 11:00:00,"Half-yearly, semesterly",Euro,Latvia,2021-S1,500,,
ESTAT:TPS00155(1.0),30/01/26 11:00:00,"Half-yearly, semesterly",Euro,Latvia,2021-S2,500,,
ESTAT:TPS00155(1.0),30/01/26 11:00:00,"Half-yearly, semesterly",Euro,Latvia,2022-S1,500,,
ESTAT:TPS00155(1.0),30/01/26 11:00:00,"Half-yearly, semesterly",Euro,Latvia,2022-S2,500,,
ESTAT:TPS00155(1.0),30/01/26 11:00:00,"Half-yearly, semesterly",Euro,Latvia,2023-S1,620,,
ESTAT:TPS00155(1.0),30/01/26 11:00:00,"Half-yearly, semesterly",Euro,Latvia,2023-S2,620,,
ESTAT:TPS00155(1.0),30/01/26 11:00:00,"Half-yearly, semesterly",Euro,Latvia,2024-S1,700,,
ESTAT:TPS00155(1.0),30/01/26 11:00:00,"Half-yearly, semesterly",Euro,Latvia,2024-S2,700,,
ESTAT:TPS00155(1.0),30/01/26 11:00:00,"Half-yearly, semesterly",Euro,Latvia,2025-S1,740,,
ESTAT:TPS00155(1.0),30/01/26 11:00:00,"Half-yearly, semesterly",Euro,Latvia,2025-S2,740,,
ESTAT:TPS00155(1.0),30/01/26 11:00:00,"Half-yearly, semesterly",Euro,Latvia,2026-S1,780,,
ESTAT:TPS00155(1.0),30/01/26 11:00:00,"Half-yearly, semesterly",Euro,Moldova,2020-S2,51,,
ESTAT:TPS00155(1.0),30/01/26 11:00:00,"Half-yearly, semesterly",Euro,Moldova,2021-S1,47,,
ESTAT:TPS00155(1.0),30/01/26 11:00:00,"Half-yearly, semesterly",Euro,Moldova,2021-S2,47,,
ESTAT:TPS00155(1.0),30/01/26 11:00:00,"Half-yearly, semesterly",Euro,Moldova,2022-S1,50,,
ESTAT:TPS00155(1.0),30/01/26 11:00:00,"Half-yearly, semesterly",Euro,Moldova,2022-S2,50,,
ESTAT:TPS00155(1.0),30/01/26 11:00:00,"Half-yearly, semesterly",Euro,Moldova,2023-S1,196,,
ESTAT:TPS00155(1.0),30/01/26 11:00:00,"Half-yearly, semesterly",Euro,Moldova,2023-S2,200,,
ESTAT:TPS00155(1.0),30/01/26 11:00:00,"Half-yearly, semesterly",Euro,Moldova,2024-S1,258,,
ESTAT:TPS00155(1.0),30/01/26 11:00:00,"Half-yearly, semesterly",Euro,Moldova,2024-S2,261,,
ESTAT:TPS00155(1.0),30/01/26 11:00:00,"Half-yearly, semesterly",Euro,Moldova,2025-S1,285,,
ESTAT:TPS00155(1.0),30/01/26 11:00:00,"Half-yearly, semesterly",Euro,Moldova,2025-S2,279,,
ESTAT:TPS00155(1.0),30/01/26 11:00:00,"Half-yearly, semesterly",Euro,Moldova,2026-S1,319,,
ESTAT:TPS00155(1.0),30/01/26 11:00:00,"Half-yearly, semesterly",Euro,Montenegro,2020-S2,331,,
ESTAT:TPS00155(1.0),30/01/26 11:00:00,"Half-yearly, semesterly",Euro,Montenegro,2021-S1,331,,
ESTAT:TPS00155(1.0),30/01/26 11:00:00,"Half-yearly, semesterly",Euro,Montenegro,2021-S2,331,,
ESTAT:TPS00155(1.0),30/01/26 11:00:00,"Half-yearly, semesterly",Euro,Montenegro,2022-S1,533,,
ESTAT:TPS00155(1.0),30/01/26 11:00:00,"Half-yearly, semesterly",Euro,Montenegro,2022-S2,533,,
ESTAT:TPS00155(1.0),30/01/26 11:00:00,"Half-yearly, semesterly",Euro,Montenegro,2023-S1,533,,
ESTAT:TPS00155(1.0),30/01/26 11:00:00,"Half-yearly, semesterly",Euro,Montenegro,2023-S2,533,,
ESTAT:TPS00155(1.0),30/01/26 11:00:00,"Half-yearly, semesterly",Euro,Montenegro,2024-S1,533,,
ESTAT:TPS00155(1.0),30/01/26 11:00:00,"Half-yearly, semesterly",Euro,Montenegro,2024-S2,533,,
ESTAT:TPS00155(1.0),30/01/26 11:00:00,"Half-yearly, semesterly",Euro,Montenegro,2025-S1,670,,
ESTAT:TPS00155(1.0),30/01/26 11:00:00,"Half-yearly, semesterly",Euro,Montenegro,2025-S2,670,,
ESTAT:TPS00155(1.0),30/01/26 11:00:00,"Half-yearly, semesterly",Euro,Montenegro,2026-S1,670,,
ESTAT:TPS00155(1.0),30/01/26 11:00:00,"Half-yearly, semesterly",Euro,North Macedonia,2020-S2,342,,
ESTAT:TPS00155(1.0),30/01/26 11:00:00,"Half-yearly, semesterly",Euro,North Macedonia,2021-S1,353,,
ESTAT:TPS00155(1.0),30/01/26 11:00:00,"Half-yearly, semesterly",Euro,North Macedonia,2021-S2,359,,
ESTAT:TPS00155(1.0),30/01/26 11:00:00,"Half-yearly, semesterly",Euro,North Macedonia,2022-S1,359,,
ESTAT:TPS00155(1.0),30/01/26 11:00:00,"Half-yearly, semesterly",Euro,North Macedonia,2022-S2,428,,
ESTAT:TPS00155(1.0),30/01/26 11:00:00,"Half-yearly, semesterly",Euro,North Macedonia,2023-S1,430,,
ESTAT:TPS00155(1.0),30/01/26 11:00:00,"Half-yearly, semesterly",Euro,North Macedonia,2023-S2,483,,
ESTAT:TPS00155(1.0),30/01/26 11:00:00,"Half-yearly, semesterly",Euro,North Macedonia,2024-S1,484,,
ESTAT:TPS00155(1.0),30/01/26 11:00:00,"Half-yearly, semesterly",Euro,North Macedonia,2024-S2,542,,
ESTAT:TPS00155(1.0),30/01/26 11:00:00,"Half-yearly, semesterly",Euro,North Macedonia,2025-S1,542,,
ESTAT:TPS00155(1.0),30/01/26 11:00:00,"Half-yearly, semesterly",Euro,North Macedonia,2025-S2,584,,
ESTAT:TPS00155(1.0),30/01/26 11:00:00,"Half-yearly, semesterly",Euro,North Macedonia,2026-S1,586,,
ESTAT:TPS00155(1.0),30/01/26 11:00:00,"Half-yearly, semesterly",Euro,Malta,2020-S2,777,,
ESTAT:TPS00155(1.0),30/01/26 11:00:00,"Half-yearly, semesterly",Euro,Malta,2021-S1,785,,
ESTAT:TPS00155(1.0),30/01/26 11:00:00,"Half-yearly, semesterly",Euro,Malta,2021-S2,785,,
ESTAT:TPS00155(1.0),30/01/26 11:00:00,"Half-yearly, semesterly",Euro,Malta,2022-S1,792,,
ESTAT:TPS00155(1.0),30/01/26 11:00:00,"Half-yearly, semesterly",Euro,Malta,2022-S2,792,,
ESTAT:TPS00155(1.0),30/01/26 11:00:00,"Half-yearly, semesterly",Euro,Malta,2023-S1,835,,
ESTAT:TPS00155(1.0),30/01/26 11:00:00,"Half-yearly, semesterly",Euro,Malta,2023-S2,835,,
ESTAT:TPS00155(1.0),30/01/26 11:00:00,"Half-yearly, semesterly",Euro,Malta,2024-S1,925,,
ESTAT:TPS00155(1.0),30/01/26 11:00:00,"Half-yearly, semesterly",Euro,Malta,2024-S2,925,,
ESTAT:TPS00155(1.0),30/01/26 11:00:00,"Half-yearly, semesterly",Euro,Malta,2025-S1,961,,
ESTAT:TPS00155(1.0),30/01/26 11:00:00,"Half-yearly, semesterly",Euro,Malta,2025-S2,961,,
ESTAT:TPS00155(1.0),30/01/26 11:00:00,"Half-yearly, semesterly",Euro,Malta,2026-S1,994,,
ESTAT:TPS00155(1.0),30/01/26 11:00:00,"Half-yearly, semesterly",Euro,Netherlands,2020-S2,1680,,
ESTAT:TPS00155(1.0),30/01/26 11:00:00,"Half-yearly, semesterly",Euro,Netherlands,2021-S1,1685,,
ESTAT:TPS00155(1.0),30/01/26 11:00:00,"Half-yearly, semesterly",Euro,Netherlands,2021-S2,1701,,
ESTAT:TPS00155(1.0),30/01/26 11:00:00,"Half-yearly, semesterly",Euro,Netherlands,2022-S1,1725,,
ESTAT:TPS00155(1.0),30/01/26 11:00:00,"Half-yearly, semesterly",Euro,Netherlands,2022-S2,1756,,
ESTAT:TPS00155(1.0),30/01/26 11:00:00,"Half-yearly, semesterly",Euro,Netherlands,2023-S1,1934,,
ESTAT:TPS00155(1.0),30/01/26 11:00:00,"Half-yearly, semesterly",Euro,Netherlands,2023-S2,1995,,
ESTAT:TPS00155(1.0),30/01/26 11:00:00,"Half-yearly, semesterly",Euro,Netherlands,2024-S1,2070,,
ESTAT:TPS00155(1.0),30/01/26 11:00:00,"Half-yearly, semesterly",Euro,Netherlands,2024-S2,2134,,
ESTAT:TPS00155(1.0),30/01/26 11:00:00,"Half-yearly, semesterly",Euro,Netherlands,2025-S1,2193,,
ESTAT:TPS00155(1.0),30/01/26 11:00:00,"Half-yearly, semesterly",Euro,Netherlands,2025-S2,2246,,
ESTAT:TPS00155(1.0),30/01/26 11:00:00,"Half-yearly, semesterly",Euro,Netherlands,2026-S1,2295,,
ESTAT:TPS00155(1.0),30/01/26 11:00:00,"Half-yearly, semesterly",Euro,Norway,2020-S2,,m,
ESTAT:TPS00155(1.0),30/01/26 11:00:00,"Half-yearly, semesterly",Euro,Norway,2021-S1,,m,
ESTAT:TPS00155(1.0),30/01/26 11:00:00,"Half-yearly, semesterly",Euro,Norway,2021-S2,,m,
ESTAT:TPS00155(1.0),30/01/26 11:00:00,"Half-yearly, semesterly",Euro,Norway,2022-S1,,m,
ESTAT:TPS00155(1.0),30/01/26 11:00:00,"Half-yearly, semesterly",Euro,Norway,2022-S2,,m,
ESTAT:TPS00155(1.0),30/01/26 11:00:00,"Half-yearly, semesterly",Euro,Norway,2023-S1,,m,
ESTAT:TPS00155(1.0),30/01/26 11:00:00,"Half-yearly, semesterly",Euro,Norway,2023-S2,,m,
ESTAT:TPS00155(1.0),30/01/26 11:00:00,"Half-yearly, semesterly",Euro,Norway,2024-S1,,m,
ESTAT:TPS00155(1.0),30/01/26 11:00:00,"Half-yearly, semesterly",Euro,Norway,2024-S2,,m,
ESTAT:TPS00155(1.0),30/01/26 11:00:00,"Half-yearly, semesterly",Euro,Norway,2025-S1,,m,
ESTAT:TPS00155(1.0),30/01/26 11:00:00,"Half-yearly, semesterly",Euro,Norway,2025-S2,,m,
ESTAT:TPS00155(1.0),30/01/26 11:00:00,"Half-yearly, semesterly",Euro,Norway,2026-S1,,m,
ESTAT:TPS00155(1.0),30/01/26 11:00:00,"Half-yearly, semesterly",Euro,Poland,2020-S2,583,,
ESTAT:TPS00155(1.0),30/01/26 11:00:00,"Half-yearly, semesterly",Euro,Poland,2021-S1,614,,
ESTAT:TPS00155(1.0),30/01/26 11:00:00,"Half-yearly, semesterly",Euro,Poland,2021-S2,619,,
ESTAT:TPS00155(1.0),30/01/26 11:00:00,"Half-yearly, semesterly",Euro,Poland,2022-S1,655,,
ESTAT:TPS00155(1.0),30/01/26 11:00:00,"Half-yearly, semesterly",Euro,Poland,2022-S2,642,,
ESTAT:TPS00155(1.0),30/01/26 11:00:00,"Half-yearly, semesterly",Euro,Poland,2023-S1,746,,
ESTAT:TPS00155(1.0),30/01/26 11:00:00,"Half-yearly, semesterly",Euro,Poland,2023-S2,811,,
ESTAT:TPS00155(1.0),30/01/26 11:00:00,"Half-yearly, semesterly",Euro,Poland,2024-S1,978,,
ESTAT:TPS00155(1.0),30/01/26 11:00:00,"Half-yearly, semesterly",Euro,Poland,2024-S2,998,,
ESTAT:TPS00155(1.0),30/01/26 11:00:00,"Half-yearly, semesterly",Euro,Poland,2025-S1,1091,,
ESTAT:TPS00155(1.0),30/01/26 11:00:00,"Half-yearly, semesterly",Euro,Poland,2025-S2,1100,,
ESTAT:TPS00155(1.0),30/01/26 11:00:00,"Half-yearly, semesterly",Euro,Poland,2026-S1,1139,,
ESTAT:TPS00155(1.0),30/01/26 11:00:00,"Half-yearly, semesterly",Euro,Portugal,2020-S2,741,,
ESTAT:TPS00155(1.0),30/01/26 11:00:00,"Half-yearly, semesterly",Euro,Portugal,2021-S1,776,,
ESTAT:TPS00155(1.0),30/01/26 11:00:00,"Half-yearly, semesterly",Euro,Portugal,2021-S2,776,,
ESTAT:TPS00155(1.0),30/01/26 11:00:00,"Half-yearly, semesterly",Euro,Portugal,2022-S1,823,,
ESTAT:TPS00155(1.0),30/01/26 11:00:00,"Half-yearly, semesterly",Euro,Portugal,2022-S2,823,,
ESTAT:TPS00155(1.0),30/01/26 11:00:00,"Half-yearly, semesterly",Euro,Portugal,2023-S1,887,,
ESTAT:TPS00155(1.0),30/01/26 11:00:00,"Half-yearly, semesterly",Euro,Portugal,2023-S2,887,,
ESTAT:TPS00155(1.0),30/01/26 11:00:00,"Half-yearly, semesterly",Euro,Portugal,2024-S1,957,,
ESTAT:TPS00155(1.0),30/01/26 11:00:00,"Half-yearly, semesterly",Euro,Portugal,2024-S2,957,,
ESTAT:TPS00155(1.0),30/01/26 11:00:00,"Half-yearly, semesterly",Euro,Portugal,2025-S1,1015,,
ESTAT:TPS00155(1.0),30/01/26 11:00:00,"Half-yearly, semesterly",Euro,Portugal,2025-S2,1015,,
ESTAT:TPS00155(1.0),30/01/26 11:00:00,"Half-yearly, semesterly",Euro,Portugal,2026-S1,1073,,
ESTAT:TPS00155(1.0),30/01/26 11:00:00,"Half-yearly, semesterly",Euro,Romania,2020-S2,461,,
ESTAT:TPS00155(1.0),30/01/26 11:00:00,"Half-yearly, semesterly",Euro,Romania,2021-S1,458,,
ESTAT:TPS00155(1.0),30/01/26 11:00:00,"Half-yearly, semesterly",Euro,Romania,2021-S2,467,,
ESTAT:TPS00155(1.0),30/01/26 11:00:00,"Half-yearly, semesterly",Euro,Romania,2022-S1,515,,
ESTAT:TPS00155(1.0),30/01/26 11:00:00,"Half-yearly, semesterly",Euro,Romania,2022-S2,516,,
ESTAT:TPS00155(1.0),30/01/26 11:00:00,"Half-yearly, semesterly",Euro,Romania,2023-S1,606,,
ESTAT:TPS00155(1.0),30/01/26 11:00:00,"Half-yearly, semesterly",Euro,Romania,2023-S2,604,,
ESTAT:TPS00155(1.0),30/01/26 11:00:00,"Half-yearly, semesterly",Euro,Romania,2024-S1,663,,
ESTAT:TPS00155(1.0),30/01/26 11:00:00,"Half-yearly, semesterly",Euro,Romania,2024-S2,743,,
ESTAT:TPS00155(1.0),30/01/26 11:00:00,"Half-yearly, semesterly",Euro,Romania,2025-S1,814,,
ESTAT:TPS00155(1.0),30/01/26 11:00:00,"Half-yearly, semesterly",Euro,Romania,2025-S2,797,,
ESTAT:TPS00155(1.0),30/01/26 11:00:00,"Half-yearly, semesterly",Euro,Romania,2026-S1,795,,
ESTAT:TPS00155(1.0),30/01/26 11:00:00,"Half-yearly, semesterly",Euro,Serbia,2020-S2,344,,
ESTAT:TPS00155(1.0),30/01/26 11:00:00,"Half-yearly, semesterly",Euro,Serbia,2021-S1,366,,
ESTAT:TPS00155(1.0),30/01/26 11:00:00,"Half-yearly, semesterly",Euro,Serbia,2021-S2,366,,
ESTAT:TPS00155(1.0),30/01/26 11:00:00,"Half-yearly, semesterly",Euro,Serbia,2022-S1,401,,
ESTAT:TPS00155(1.0),30/01/26 11:00:00,"Half-yearly, semesterly",Euro,Serbia,2022-S2,402,,
ESTAT:TPS00155(1.0),30/01/26 11:00:00,"Half-yearly, semesterly",Euro,Serbia,2023-S1,460,,
ESTAT:TPS00155(1.0),30/01/26 11:00:00,"Half-yearly, semesterly",Euro,Serbia,2023-S2,461,,
ESTAT:TPS00155(1.0),30/01/26 11:00:00,"Half-yearly, semesterly",Euro,Serbia,2024-S1,544,,
ESTAT:TPS00155(1.0),30/01/26 11:00:00,"Half-yearly, semesterly",Euro,Serbia,2024-S2,544,,
ESTAT:TPS00155(1.0),30/01/26 11:00:00,"Half-yearly, semesterly",Euro,Serbia,2025-S1,619,,
ESTAT:TPS00155(1.0),30/01/26 11:00:00,"Half-yearly, semesterly",Euro,Serbia,2025-S2,618,,
ESTAT:TPS00155(1.0),30/01/26 11:00:00,"Half-yearly, semesterly",Euro,Serbia,2026-S1,744,,
ESTAT:TPS00155(1.0),30/01/26 11:00:00,"Half-yearly, semesterly",Euro,Sweden,2020-S2,,m,
ESTAT:TPS00155(1.0),30/01/26 11:00:00,"Half-yearly, semesterly",Euro,Sweden,2021-S1,,m,
ESTAT:TPS00155(1.0),30/01/26 11:00:00,"Half-yearly, semesterly",Euro,Sweden,2021-S2,,m,
ESTAT:TPS00155(1.0),30/01/26 11:00:00,"Half-yearly, semesterly",Euro,Sweden,2022-S1,,m,
ESTAT:TPS00155(1.0),30/01/26 11:00:00,"Half-yearly, semesterly",Euro,Sweden,2022-S2,,m,
ESTAT:TPS00155(1.0),30/01/26 11:00:00,"Half-yearly, semesterly",Euro,Sweden,2023-S1,,m,
ESTAT:TPS00155(1.0),30/01/26 11:00:00,"Half-yearly, semesterly",Euro,Sweden,2023-S2,,m,
ESTAT:TPS00155(1.0),30/01/26 11:00:00,"Half-yearly, semesterly",Euro,Sweden,2024-S1,,m,
ESTAT:TPS00155(1.0),30/01/26 11:00:00,"Half-yearly, semesterly",Euro,Sweden,2024-S2,,m,
ESTAT:TPS00155(1.0),30/01/26 11:00:00,"Half-yearly, semesterly",Euro,Sweden,2025-S1,,m,
ESTAT:TPS00155(1.0),30/01/26 11:00:00,"Half-yearly, semesterly",Euro,Sweden,2025-S2,,m,
ESTAT:TPS00155(1.0),30/01/26 11:00:00,"Half-yearly, semesterly",Euro,Sweden,2026-S1,,m,
ESTAT:TPS00155(1.0),30/01/26 11:00:00,"Half-yearly, semesterly",Euro,Slovenia,2020-S2,941,,
ESTAT:TPS00155(1.0),30/01/26 11:00:00,"Half-yearly, semesterly",Euro,Slovenia,2021-S1,1024,,
ESTAT:TPS00155(1.0),30/01/26 11:00:00,"Half-yearly, semesterly",Euro,Slovenia,2021-S2,1024,,
ESTAT:TPS00155(1.0),30/01/26 11:00:00,"Half-yearly, semesterly",Euro,Slovenia,2022-S1,1074,,
ESTAT:TPS00155(1.0),30/01/26 11:00:00,"Half-yearly, semesterly",Euro,Slovenia,2022-S2,1074,,
ESTAT:TPS00155(1.0),30/01/26 11:00:00,"Half-yearly, semesterly",Euro,Slovenia,2023-S1,1203,,
ESTAT:TPS00155(1.0),30/01/26 11:00:00,"Half-yearly, semesterly",Euro,Slovenia,2023-S2,1203,,
ESTAT:TPS00155(1.0),30/01/26 11:00:00,"Half-yearly, semesterly",Euro,Slovenia,2024-S1,1254,,
ESTAT:TPS00155(1.0),30/01/26 11:00:00,"Half-yearly, semesterly",Euro,Slovenia,2024-S2,1254,,
ESTAT:TPS00155(1.0),30/01/26 11:00:00,"Half-yearly, semesterly",Euro,Slovenia,2025-S1,1278,,
ESTAT:TPS00155(1.0),30/01/26 11:00:00,"Half-yearly, semesterly",Euro,Slovenia,2025-S2,1278,,
ESTAT:TPS00155(1.0),30/01/26 11:00:00,"Half-yearly, semesterly",Euro,Slovenia,2026-S1,1278,,
ESTAT:TPS00155(1.0),30/01/26 11:00:00,"Half-yearly, semesterly",Euro,Slovakia,2020-S2,580,,
ESTAT:TPS00155(1.0),30/01/26 11:00:00,"Half-yearly, semesterly",Euro,Slovakia,2021-S1,623,,
ESTAT:TPS00155(1.0),30/01/26 11:00:00,"Half-yearly, semesterly",Euro,Slovakia,2021-S2,623,,
ESTAT:TPS00155(1.0),30/01/26 11:00:00,"Half-yearly, semesterly",Euro,Slovakia,2022-S1,646,,
ESTAT:TPS00155(1.0),30/01/26 11:00:00,"Half-yearly, semesterly",Euro,Slovakia,2022-S2,646,,
ESTAT:TPS00155(1.0),30/01/26 11:00:00,"Half-yearly, semesterly",Euro,Slovakia,2023-S1,700,,
ESTAT:TPS00155(1.0),30/01/26 11:00:00,"Half-yearly, semesterly",Euro,Slovakia,2023-S2,700,,
ESTAT:TPS00155(1.0),30/01/26 11:00:00,"Half-yearly, semesterly",Euro,Slovakia,2024-S1,750,,
ESTAT:TPS00155(1.0),30/01/26 11:00:00,"Half-yearly, semesterly",Euro,Slovakia,2024-S2,750,,
ESTAT:TPS00155(1.0),30/01/26 11:00:00,"Half-yearly, semesterly",Euro,Slovakia,2025-S1,816,,
ESTAT:TPS00155(1.0),30/01/26 11:00:00,"Half-yearly, semesterly",Euro,Slovakia,2025-S2,816,,
ESTAT:TPS00155(1.0),30/01/26 11:00:00,"Half-yearly, semesterly",Euro,Slovakia,2026-S1,915,,
ESTAT:TPS00155(1.0),30/01/26 11:00:00,"Half-yearly, semesterly",Euro,Türkiye,2020-S2,383,,
ESTAT:TPS00155(1.0),30/01/26 11:00:00,"Half-yearly, semesterly",Euro,Türkiye,2021-S1,393,,
ESTAT:TPS00155(1.0),30/01/26 11:00:00,"Half-yearly, semesterly",Euro,Türkiye,2021-S2,347,,
ESTAT:TPS00155(1.0),30/01/26 11:00:00,"Half-yearly, semesterly",Euro,Türkiye,2022-S1,328,,
ESTAT:TPS00155(1.0),30/01/26 11:00:00,"Half-yearly, semesterly",Euro,Türkiye,2022-S2,374,,
ESTAT:TPS00155(1.0),30/01/26 11:00:00,"Half-yearly, semesterly",Euro,Türkiye,2023-S1,501,,
ESTAT:TPS00155(1.0),30/01/26 11:00:00,"Half-yearly, semesterly",Euro,Türkiye,2023-S2,474,,
ESTAT:TPS00155(1.0),30/01/26 11:00:00,"Half-yearly, semesterly",Euro,Türkiye,2024-S1,613,,
ESTAT:TPS00155(1.0),30/01/26 11:00:00,"Half-yearly, semesterly",Euro,Türkiye,2024-S2,568,,
ESTAT:TPS00155(1.0),30/01/26 11:00:00,"Half-yearly, semesterly",Euro,Türkiye,2025-S1,708,,
ESTAT:TPS00155(1.0),30/01/26 11:00:00,"Half-yearly, semesterly",Euro,Türkiye,2025-S2,558,,
ESTAT:TPS00155(1.0),30/01/26 11:00:00,"Half-yearly, semesterly",Euro,Türkiye,2026-S1,654,,
ESTAT:TPS00155(1.0),30/01/26 11:00:00,"Half-yearly, semesterly",Euro,Ukraine,2020-S2,158,,
ESTAT:TPS00155(1.0),30/01/26 11:00:00,"Half-yearly, semesterly",Euro,Ukraine,2021-S1,173,,
ESTAT:TPS00155(1.0),30/01/26 11:00:00,"Half-yearly, semesterly",Euro,Ukraine,2021-S2,186,,
ESTAT:TPS00155(1.0),30/01/26 11:00:00,"Half-yearly, semesterly",Euro,Ukraine,2022-S1,210,,
ESTAT:TPS00155(1.0),30/01/26 11:00:00,"Half-yearly, semesterly",Euro,Ukraine,2022-S2,211,,
ESTAT:TPS00155(1.0),30/01/26 11:00:00,"Half-yearly, semesterly",Euro,Ukraine,2023-S1,172,,
ESTAT:TPS00155(1.0),30/01/26 11:00:00,"Half-yearly, semesterly",Euro,Ukraine,2023-S2,168,,
ESTAT:TPS00155(1.0),30/01/26 11:00:00,"Half-yearly, semesterly",Euro,Ukraine,2024-S1,168,,
ESTAT:TPS00155(1.0),30/01/26 11:00:00,"Half-yearly, semesterly",Euro,Ukraine,2024-S2,185,,
ESTAT:TPS00155(1.0),30/01/26 11:00:00,"Half-yearly, semesterly",Euro,Ukraine,2025-S1,182,,
ESTAT:TPS00155(1.0),30/01/26 11:00:00,"Half-yearly, semesterly",Euro,Ukraine,2025-S2,164,,
ESTAT:TPS00155(1.0),30/01/26 11:00:00,"Half-yearly, semesterly",Euro,Ukraine,2026-S1,173,,
ESTAT:TPS00155(1.0),30/01/26 11:00:00,"Half-yearly, semesterly",Euro,United Kingdom,2020-S2,1583,,
ESTAT:TPS00155(1.0),30/01/26 11:00:00,"Half-yearly, semesterly",Euro,United States,2020-S2,1122,,
ESTAT:TPS00155(1.0),30/01/26 11:00:00,"Half-yearly, semesterly",Euro,United States,2021-S1,1024,,
ESTAT:TPS00155(1.0),30/01/26 11:00:00,"Half-yearly, semesterly",Euro,United States,2021-S2,1057,,
ESTAT:TPS00155(1.0),30/01/26 11:00:00,"Half-yearly, semesterly",Euro,United States,2022-S1,1110,,
ESTAT:TPS00155(1.0),30/01/26 11:00:00,"Half-yearly, semesterly",Euro,United States,2022-S2,1210,,
ESTAT:TPS00155(1.0),30/01/26 11:00:00,"Half-yearly, semesterly",Euro,United States,2023-S1,1178,,
ESTAT:TPS00155(1.0),30/01/26 11:00:00,"Half-yearly, semesterly",Euro,United States,2023-S2,1157,,
ESTAT:TPS00155(1.0),30/01/26 11:00:00,"Half-yearly, semesterly",Euro,United States,2024-S1,1137,,
ESTAT:TPS00155(1.0),30/01/26 11:00:00,"Half-yearly, semesterly",Euro,United States,2024-S2,1174,,
ESTAT:TPS00155(1.0),30/01/26 11:00:00,"Half-yearly, semesterly",Euro,United States,2025-S1,1210,,
ESTAT:TPS00155(1.0),30/01/26 11:00:00,"Half-yearly, semesterly",Euro,United States,2025-S2,1072,,
ESTAT:TPS00155(1.0),30/01/26 11:00:00,"Half-yearly, semesterly",Euro,United States,2026-S1,1070,,
